,0,1,2,3
0,The Audacious Project: A new model to inspire change,5153,9,https://www.ted.com/playlists/715/the_audacious_project
1,A love letter to misfits,6539,8,https://www.ted.com/playlists/719/a_love_letter_to_misfits
2,How to be a better you,10514,14,https://www.ted.com/playlists/8/a_better_you
3,"Extraordinary, larger-than-life art",6116,9,https://www.ted.com/playlists/716/extraordinary_larger_than_life_art
4,How to live with robots,10764,14,https://www.ted.com/playlists/17/how_to_live_with_robots
5,Why tech needs diversity,10414,14,https://www.ted.com/playlists/714/why_tech_needs_diversity
6,Revolutionary women!,8888,9,https://www.ted.com/playlists/712/revolutionary_women
7,The global power shift,15990,16,https://www.ted.com/playlists/73/the_global_power_shift
8,Theories of evolution,5942,8,https://www.ted.com/playlists/711/theories_of_evolution
9,How perfectionism fails us,2277,4,https://www.ted.com/playlists/710/how_perfectionism_fails_us
10,Can you believe your eyes?,11540,13,https://www.ted.com/playlists/71/can_you_believe_your_eyes
11,Who are the hackers?,10939,13,https://www.ted.com/playlists/10/who_are_the_hackers
12,Interview with a business mogul,14488,10,https://www.ted.com/playlists/696/interview_with_a_business_mogul
13,The forecast calls for ...,8207,12,https://www.ted.com/playlists/142/the_forecast_calls_for
14,Surprisingly fun TED Talks,5577,7,https://www.ted.com/playlists/695/surprisingly_fun_ted_talks
15,Powerful poetry by fierce women,4945,7,https://www.ted.com/playlists/697/powerful_poetry_by_fierce_women
16,Making sense of too much data,13425,17,https://www.ted.com/playlists/56/making_sense_of_too_much_data
17,TED deep cuts vol. 3,11084,15,https://www.ted.com/playlists/690/ted_deep_cuts_vol_3
18,How coffee can bring us together,4279,5,https://www.ted.com/playlists/693/how_coffee_can_bring_us_together
19,TED Talks to inspire you to make art,5030,9,https://www.ted.com/playlists/694/ted_talks_to_inspire_you_to_make_art
20,"Planes, trains, automobiles — and jet suits?",15765,18,https://www.ted.com/playlists/83/planes_trains_and_automobiles
21,The pros and cons of digital life,11703,18,https://www.ted.com/playlists/26/our_digital_lives
22,The Way We Work,2342,9,https://www.ted.com/playlists/691/the_way_we_work
23,How to protect your passions from burnout,7994,9,https://www.ted.com/playlists/689/how_to_protect_your_passions_from_burnout
24,How to talk about your feelings,5989,7,https://www.ted.com/playlists/692/how_to_talk_about_your_feelings
25,Advice to help you be a great parent,12957,17,https://www.ted.com/playlists/150/advice_to_help_you_be_a_great
26,How to survive following your passions,11522,14,https://www.ted.com/playlists/687/how_to_survive_following_your_passions
27,The most transformative TED Talks,25335,25,https://www.ted.com/playlists/688/the_most_transformative_ted_talks
28,"Amazing, creative homes",7470,10,https://www.ted.com/playlists/266/don_t_you_wish_you_lived_here
29,Legends of the design world,18357,18,https://www.ted.com/playlists/127/design_giants
30,A love letter to libraries,5633,7,https://www.ted.com/playlists/683/a_love_letter_to_libraries
31,The most binge-worthy TED Talks,12138,15,https://www.ted.com/playlists/678/the_most_binge_worthy_ted_talks
32,How to take charge of your personal finances,4750,6,https://www.ted.com/playlists/685/how_to_take_charge_of_your_personal_finances
33,TED Salon: Optum,2183,6,https://www.ted.com/playlists/686/ted_salon_optum
34,Incredibly soothing TED Talks,6079,8,https://www.ted.com/playlists/675/incredibly_soothing_ted_talks
35,Curator's Picks: Top 10 TED Talks of 2018,8631,10,https://www.ted.com/playlists/684/curator_s_picks_top_10_ted_talks_of_2018
36,The most popular TED Talks of 2018,18601,25,https://www.ted.com/playlists/682/the_most_popular_ted_talks_of_2018
37,Future-forward thoughts on tech,7259,8,https://www.ted.com/playlists/681/future_forward_thoughts_on_tech
38,How art shapes conversation,6722,13,https://www.ted.com/playlists/676/how_art_shapes_conversations
39,How did the internet take over our lives?,6594,7,https://www.ted.com/playlists/679/how_did_the_internet_take_over_our_lives
40,Talks to help you get through the work week,6014,8,https://www.ted.com/playlists/677/talks_to_help_you_get_through_the_work_week
41,TED Talks for 20-somethings,11350,14,https://www.ted.com/playlists/674/ted_talks_for_20_somethings
42,How passion becomes purpose,8163,10,https://www.ted.com/playlists/667/how_passion_becomes_purpose
43,The most translated TED Talks,15841,25,https://www.ted.com/playlists/665/the_most_translated_ted_talks
44,When you need to take an intellectual snack break,9945,20,https://www.ted.com/playlists/664/when_you_need_to_take_an_intellectual_snack_break
45,The mystery and wonder of stars,2163,4,https://www.ted.com/playlists/669/the_mystery_and_wonder_of_stars
46,How to tap into our collective empathy,4735,5,https://www.ted.com/playlists/663/how_to_tap_into_our_collective_empathy
47,8 ways to fuel innovation,6819,8,https://www.ted.com/playlists/672/8_ways_to_fuel_innovation
48,How to invest in social good,7293,8,https://www.ted.com/playlists/671/how_to_invest_in_social_good
49,The power of protest,6109,8,https://www.ted.com/playlists/668/the_power_of_protest
50,How to be a good mentor,6220,8,https://www.ted.com/playlists/400/how_to_be_a_good_mentor
51,A blueprint for diversity in the workplace,7426,8,https://www.ted.com/playlists/670/a_blueprint_for_diversity_in_the_workplace
52,10 days of positive thinking,8046,10,https://www.ted.com/playlists/673/10_days_of_positive_thinking
53,The magic of the human voice,3698,5,https://www.ted.com/playlists/657/the_magic_of_the_human_voice
54,The illuminating benefits of video games,5962,7,https://www.ted.com/playlists/661/the_illuminating_benefits_of_videos_games
55,Who's watching us?,7810,10,https://www.ted.com/playlists/666/who_s_watching_us
56,The value of skepticism,8876,10,https://www.ted.com/playlists/662/the_value_of_skepticism
57,Great TED Talks for language practice,7700,11,https://www.ted.com/playlists/655/great_ted_talks_for_language_practice
58,An ode to unsung heroes,3910,7,https://www.ted.com/playlists/660/an_ode_to_unsung_heroes
59,How to get further in your career ,8122,11,https://www.ted.com/playlists/658/how_to_get_further_in_your_career
60,Refugees welcome,10481,12,https://www.ted.com/playlists/294/refugees_welcome
61,TED deep cuts vol. 2,9255,13,https://www.ted.com/playlists/654/ted_deep_cuts_vol_2
62,Unexpected lessons from the animal world,5472,7,https://www.ted.com/playlists/659/unexpected_lessons_from_the_animal_world
63,How to notice and build joy into your life,8593,12,https://www.ted.com/playlists/656/how_to_notice_and_build_joy_into_your_life
64,Talks to watch on a sleepy day in,4781,7,https://www.ted.com/playlists/653/talks_to_watch_on_a_sleepy_day_in
65,Truths about the US prison system,7397,8,https://www.ted.com/playlists/651/truths_about_the_us_prison_system
66,What does it mean to express yourself?,8502,11,https://www.ted.com/playlists/650/what_does_it_mean_to_express_yourself
67,Simple ways to support the arts,4845,7,https://www.ted.com/playlists/641/simple_ways_to_support_the_arts
68,Dissecting cultures of hate,5542,6,https://www.ted.com/playlists/648/dissecting_cultures_of_hate
69,Thrifty TED Talks,4910,7,https://www.ted.com/playlists/649/thrifty_ted_talks
70,Talks that will make you think twice ,3789,4,https://www.ted.com/playlists/647/talks_that_will_make_you_think_twice
71,How can we better treat our elders?,6044,8,https://www.ted.com/playlists/643/how_can_we_better_treat_our_elders
72,What is your body trying to tell you?,5735,8,https://www.ted.com/playlists/646/what_is_your_body_trying_to_tell_you
73,Talks for lifelong readers,4857,7,https://www.ted.com/playlists/645/talks_for_lifelong_readers
74,What happens when the robots take our jobs?,7050,9,https://www.ted.com/playlists/642/what_happens_when_the_robots_take_our_jobs
75,How can we keep our brains healthy?,8160,11,https://www.ted.com/playlists/644/how_can_we_keep_our_brains_healthy
76,Small Thing Big Idea: Designs that changed the world,1608,8,https://www.ted.com/playlists/635/small_thing_big_idea
77,Great TED Talks to inspire fiction writing,6972,10,https://www.ted.com/playlists/639/great_ted_talks_to_inspire_fiction_writing
78,How to practice emotional first aid,7578,10,https://www.ted.com/playlists/638/how_to_practice_emotional_first_aid
79,Talks to celebrate spring,4599,7,https://www.ted.com/playlists/637/talks_to_celebrate_spring
80,The secret to lifelong friendship,4916,6,https://www.ted.com/playlists/633/the_secret_to_lifelong_friendship
81,A day trip to Antarctica,4977,7,https://www.ted.com/playlists/634/a_day_trip_to_antarctica
82,Life lessons from the four elements,2577,4,https://www.ted.com/playlists/632/life_lessons_from_the_four_elements
83,What's the future of food?,5050,6,https://www.ted.com/playlists/631/what_s_the_future_of_food
84,There's an app for that,3130,6,https://www.ted.com/playlists/629/there_s_an_app_for_that
85,"Reclaim the past, save the future",6737,8,https://www.ted.com/playlists/630/reclaim_the_past_save_the_future
86,The big problem with fashion -- and how to fix it,1781,3,https://www.ted.com/playlists/627/the_big_problem_with_fashion_and_how_to_fix_it
87,A playbook to understanding power,5635,6,https://www.ted.com/playlists/626/a_playbook_to_understanding_power
88,What would it be like to live on another planet?,5354,7,https://www.ted.com/playlists/628/what_would_it_be_like_to_live_on_another_planet
89,The path to reconciliation,4644,5,https://www.ted.com/playlists/624/the_path_to_reconciliation
90,How space technology can change life on Earth,2167,4,https://www.ted.com/playlists/625/how_space_technology_can_change_life_on_earth
91,Talks to kickstart your next career ,2285,4,https://www.ted.com/playlists/622/talks_to_kickstart_your_next_career
92,A look into American politics ,6549,8,https://www.ted.com/playlists/619/a_look_into_american_politics
93,For the love of introverts,4186,4,https://www.ted.com/playlists/621/for_the_love_of_introverts
94,The evolution of music,4052,4,https://www.ted.com/playlists/623/the_evolution_of_music
95,What's the secret to living longer?,7619,8,https://www.ted.com/playlists/620/what_s_the_secret_to_living_longer
96,How to be your own advocate,6767,8,https://www.ted.com/playlists/616/how_to_be_your_own_advocate
97,Simple ways to spark your creativity,4838,7,https://www.ted.com/playlists/617/simple_ways_to_spark_your_creativity
98,What are emotions?,4761,5,https://www.ted.com/playlists/613/what_are_emotions
99,What we don't talk about (when we talk about sex),6895,8,https://www.ted.com/playlists/614/what_we_don_t_talk_about_when_we_talk_about_sex
100,Why not walk it out?,4347,7,https://www.ted.com/playlists/612/why_not_walk_it_out
101,TED Talks as the seven deadly sins,7352,7,https://www.ted.com/playlists/611/ted_talks_as_the_seven_deadly_sins
102,How can we fix the learning crisis?,4553,5,https://www.ted.com/playlists/587/how_can_we_fix_the_learning_crisis
103,The race for your attention,2787,3,https://www.ted.com/playlists/610/the_race_for_your_attention
104,"Motivation for the New Year (and every day, really)",8725,12,https://www.ted.com/playlists/609/motivation_for_the_new_year_and_every_day_really
105,Most popular TED Talks of 2017,13689,14,https://www.ted.com/playlists/608/most_popular_ted_talks_of_2017
106,10 guiding principles for leaders,9000,10,https://www.ted.com/playlists/596/10_guiding_principles_for_leaders
107,TED deep cuts vol. 1,10069,12,https://www.ted.com/playlists/592/ted_deep_cuts_vol_1
108,Curator's Picks: Top 10 TED Talks of 2017,11457,10,https://www.ted.com/playlists/607/curator_s_picks_top_10_ted_talks_of_2017
109,"Gorgeous, awe-inspiring images of Earth from above",4507,6,https://www.ted.com/playlists/595/gorgeous_awe_inspiring_images_of_earth_from_above
110,"Wacky, weird art made by AI",3132,4,https://www.ted.com/playlists/594/wacky_weird_art_made_by_ai
111,A playlist from Shah Rukh Khan to you,4030,5,https://www.ted.com/playlists/606/a_playlist_from_srk_to_you
112,An Introduction to TED Talks,7400,7,https://www.ted.com/playlists/597/an_introduction_to_ted_talks
113,Tips for inclusive leadership,4746,5,https://www.ted.com/playlists/593/tips_for_inclusive_leadership
114,A year of ... ,3298,4,https://www.ted.com/playlists/591/a_year_of
115,For parents who have lost a child,2763,4,https://www.ted.com/playlists/590/for_parents_who_have_lost_a_child
116,Alternate timelines of the future,5696,7,https://www.ted.com/playlists/588/alternate_timelines_of_the_future
117,Let's talk crap,2810,4,https://www.ted.com/playlists/589/let_s_talk_crap
118,The pros and cons of screens,5853,7,https://www.ted.com/playlists/586/the_pros_and_cons_of_screens
119,Talks to help you become a better researcher,6538,8,https://www.ted.com/playlists/585/talks_to_help_you_become_a_better_researcher
120,How can we improve disaster relief?,5818,9,https://www.ted.com/playlists/584/how_can_we_improve_disaster_relief
121,Stories from the front lines of parenting,8406,11,https://www.ted.com/playlists/583/stories_from_the_front_lines_of_parenting
122,The conversation around sexual assault,5607,6,https://www.ted.com/playlists/582/the_conversation_around_sexual_assault
123,Why it's sometimes good to be bored,2509,4,https://www.ted.com/playlists/581/why_it_s_sometimes_good_to_be_bored
124,Deep studies of humanity,2198,3,https://www.ted.com/playlists/580/deep_studies_of_humanity
125,The power of asking,2891,4,https://www.ted.com/playlists/579/the_power_of_asking
126,Talks to watch when your company's reorganizing,6105,7,https://www.ted.com/playlists/577/talks_to_watch_when_your_company_s_reorganizing
127,How to make a great presentation,4323,5,https://www.ted.com/playlists/574/how_to_make_a_great_presentation
128,How to mobilize healthier communities,5432,6,https://www.ted.com/playlists/575/how_to_mobilize_healthier_communities
129,TED Talks for National Bullying Prevention Month,6371,8,https://www.ted.com/playlists/578/ted_talks_for_national_bully_prevention_month
130,What is deep time?,6542,8,https://www.ted.com/playlists/573/what_is_deep_time
131,The most actionable TED Talks,9320,12,https://www.ted.com/playlists/572/the_most_actionable_ted_talks
132,Using art history to examine modern day,2257,3,https://www.ted.com/playlists/571/using_art_history_to_examine_modern_day
133,When you need to feel awe about the world again,6425,8,https://www.ted.com/playlists/570/when_you_need_to_feel_awe_about_the_world_again
134,The roots of extremism,5383,6,https://www.ted.com/playlists/569/the_roots_of_extremism
135,TED Residency Talks,3017,7,https://www.ted.com/playlists/566/ted_residency_talks
136,Immigrants who founded amazing companies,5861,8,https://www.ted.com/playlists/568/immigrants_who_founded_amazing_companies
137,The link between health and racism,5587,7,https://www.ted.com/playlists/567/the_link_between_health_and_racism
138,The issue of homelessness,2193,4,https://www.ted.com/playlists/564/the_issue_of_homelessness
139,Inside the mind of psychopaths,3030,4,https://www.ted.com/playlists/565/inside_the_mind_of_psychopaths
140,Great stories for your commute,8810,9,https://www.ted.com/playlists/563/great_stories_for_your_commute
141,Emerging markets,10194,11,https://www.ted.com/playlists/561/emerging_markets
142,What is consciousness?,4783,4,https://www.ted.com/playlists/562/what_is_consciousness
143,Pets of the future,3209,4,https://www.ted.com/playlists/560/pets_of_the_future
144,The inventor's corner,6655,9,https://www.ted.com/playlists/557/the_inventor_s_corner
145,"Talks that'll give you a warm, fuzzy feeling",9139,10,https://www.ted.com/playlists/558/talks_that_ll_give_you_a_warm_fuzzy_feeling
146,"Advice from educators, for everyone",4091,6,https://www.ted.com/playlists/559/advice_from_educators_for_everyone
147,How to navigate questionable information,2766,4,https://www.ted.com/playlists/555/how_navigate_questionable_information
148,Live out your sci-fi dreams,6971,10,https://www.ted.com/playlists/556/live_out_your_sci_fi_dreams
149,Talks for when you're starting a new job,3303,4,https://www.ted.com/playlists/554/talks_for_when_you_re_starting_a_new_job_aug_2017
150,How we live now,3988,5,https://www.ted.com/playlists/551/how_we_live_now
151,Talks for when growing up is hard,5329,8,https://www.ted.com/playlists/552/talks_for_when_growing_up_is_hard
152,Secrets to understanding life,9147,10,https://www.ted.com/playlists/553/secrets_to_understanding_life
153,The harmful effects of online abuse,4172,4,https://www.ted.com/playlists/550/the_harmful_effects_of_online_abuse
154,What comes after war?,3755,5,https://www.ted.com/playlists/549/what_comes_after_war
155,Living fossils,5172,6,https://www.ted.com/playlists/548/living_fossils
156,Criminal justice reform now!,5426,6,https://www.ted.com/playlists/547/criminal_justice_reform_now
157,Biohacking: DIY science for everyone,5500,7,https://www.ted.com/playlists/546/biohacking_diy_science_for_everyone
158,Letters to our sons,3492,6,https://www.ted.com/playlists/545/letters_to_our_sons
159,What direction is the future headed?,6672,6,https://www.ted.com/playlists/544/what_direction_is_the_future_headed
160,What's happening to the ocean?,4235,5,https://www.ted.com/playlists/543/what_s_happening_to_the_ocean
161,Talks to watch if you have roommates,3231,4,https://www.ted.com/playlists/542/talks_to_watch_if_you_have_roommates
162,#Goals,3104,5,https://www.ted.com/playlists/541/goals
163,Letters to our daughters,5546,8,https://www.ted.com/playlists/540/letters_to_our_daughters
164,Why you should document your life,3038,6,https://www.ted.com/playlists/539/why_you_should_document_your_life
165,How do you create new words?,2721,4,https://www.ted.com/playlists/537/how_do_you_create_new_words
166,Talks about fictional world-building,5555,5,https://www.ted.com/playlists/536/talks_about_fictional_world_building
167,"So, you're on a boat",4651,5,https://www.ted.com/playlists/538/so_you_re_on_a_boat
168,Talks for gamers,5354,5,https://www.ted.com/playlists/535/talks_for_gamers
169,Life lessons from writers,4227,5,https://www.ted.com/playlists/533/life_lessons_from_writers
170,How your brain functions in different situations,7903,10,https://www.ted.com/playlists/534/how_your_brain_functions_in_different_situations
171,TEDNYC Design Lab,4262,7,https://www.ted.com/playlists/532/tednyc_design_lab
172,What to know about cybercrime,4523,6,https://www.ted.com/playlists/531/what_to_know_about_cybercrime
173,Building introspective spaces,3233,4,https://www.ted.com/playlists/530/building_introspective_spaces
174,TED counts down ,4954,10,https://www.ted.com/playlists/527/ted_counts_down
175,The art of the interview,15940,12,https://www.ted.com/playlists/529/the_art_of_the_interview
176,"Kids, teens and their great big ideas",3056,7,https://www.ted.com/playlists/528/kids_teens_and_their_great_big_ideas
177,What comes after grief?,3641,5,https://www.ted.com/playlists/526/what_comes_after_grief
178,Talks to help you believe in love again,5825,7,https://www.ted.com/playlists/524/talks_to_help_you_believe_in_love_again
179,When school's out for the summer,3940,8,https://www.ted.com/playlists/525/when_school_s_out_for_the_summer
180,The air around us,2418,4,https://www.ted.com/playlists/523/the_air_around_us
181,Talks to help you (re)design your apartment,4824,7,https://www.ted.com/playlists/522/talks_to_help_you_re_design_y
182,Talks to watch when you're frustrated,4300,5,https://www.ted.com/playlists/521/talks_to_watch_when_you_re_fru
183,How architecture can connect us,6500,7,https://www.ted.com/playlists/520/how_architecture_can_connect_u
184,Faith in the modern world,8700,9,https://www.ted.com/playlists/519/faith_in_the_modern_world
185,TED Talks en Español,12383,15,https://www.ted.com/playlists/518/ted_talks_en_espa%C3%B1ol
186,Regrowing the human body,4596,5,https://www.ted.com/playlists/517/regrowing_the_human_body
187,Fascinating windows into humanity,2869,5,https://www.ted.com/playlists/516/fascinating_windows_into_human
188,How to live many lives,5098,6,https://www.ted.com/playlists/515/how_to_live_many_lives
189,The inherent bias in our technology,2688,4,https://www.ted.com/playlists/514/the_inherent_bias_in_our_techn
190,Poor design… and how to make it better,4253,5,https://www.ted.com/playlists/513/poor_design_and_how_to_make_i
191,The line between success and failure,4622,7,https://www.ted.com/playlists/512/the_line_between_success_and_f
192,Finding and bringing closure ,4870,7,https://www.ted.com/playlists/511/finding_and_bringing_closure
193,Sounds of the wild ,5517,5,https://www.ted.com/playlists/510/sounds_of_the_wild
194,Things to do to make STEAM learning (more!) fun,5724,9,https://www.ted.com/playlists/509/things_to_do_to_make_steam_lea
195,Talks by TV and movie icons,5212,5,https://www.ted.com/playlists/508/talks_by_tv_and_movie_icons
196,Seeing sound and hearing color,2783,5,https://www.ted.com/playlists/504/seeing_sound_and_hearing_color
197,Get paid what you’re worth ,1859,3,https://www.ted.com/playlists/507/get_paid_what_you_re_worth
198,New thoughts on addiction,2572,3,https://www.ted.com/playlists/506/new_thoughts_on_addiction
199,What death can teach you about life,5895,7,https://www.ted.com/playlists/505/what_death_can_teach_you_about
200,Fighting impostor syndrome,4214,6,https://www.ted.com/playlists/503/fighting_impostor_syndrome
201,How microbes shape our world,5004,6,https://www.ted.com/playlists/502/how_microbes_shape_our_world
202,Talks for when you want to start a garden,5356,9,https://www.ted.com/playlists/501/talks_for_when_you_want_to_sta_2
203,Talks to help you find the ideal employee,4606,6,https://www.ted.com/playlists/500/talks_to_help_you_find_the_ide
204,Talks for the fiber arts lover,4114,6,https://www.ted.com/playlists/499/talks_for_the_fiber_arts_lover
205,What’s really floating out in space?,4073,7,https://www.ted.com/playlists/498/what_s_really_floating_out_in
206,Practice makes perfect,7059,9,https://www.ted.com/playlists/497/practice_makes_perfect
207,Things you've probably never noticed,3619,4,https://www.ted.com/playlists/496/things_you_ve_probably_never_n
208,How data can save lives,3327,4,https://www.ted.com/playlists/495/how_data_can_save_lives
209,Get into your genes,4498,6,https://www.ted.com/playlists/494/get_into_your_genes
210,Why climate change is a human rights issue,5377,5,https://www.ted.com/playlists/493/why_climate_change_is_a_human
211,"Why yes, actually it is rocket science",4843,7,https://www.ted.com/playlists/492/why_yes_actually_it_is_rocket
212,"In celebration of being alone, but not lonely",6298,6,https://www.ted.com/playlists/491/in_celebration_of_being_alone
213,Love + technology = ?,4917,5,https://www.ted.com/playlists/490/love_technology
214,How do ideas travel? ,7697,10,https://www.ted.com/playlists/489/how_do_ideas_travel
215,Misconceptions of Islam and Muslim life,8690,10,https://www.ted.com/playlists/488/misconceptions_of_islam_and_mu
216,For the love of facts! ,7608,8,https://www.ted.com/playlists/487/for_the_love_of_facts
217,TED Talks by women leaders,15434,16,https://www.ted.com/playlists/486/ted_talks_by_strong_women_lead
218,How does time affect you?,3481,6,https://www.ted.com/playlists/485/how_does_time_affect_you
219,Jaw-dropping science breakthroughs,7399,9,https://www.ted.com/playlists/484/jaw_dropping_science_breakthro
220,Talks for when you want to laugh and think,7199,8,https://www.ted.com/playlists/483/talks_for_when_you_want_to_lau
221,Talks to support a healthy debate,4699,7,https://www.ted.com/playlists/482/talks_to_support_a_healthy_deb
222,Personal stories from conflict zones,6696,9,https://www.ted.com/playlists/481/personal_stories_from_conflict
223,Talks on folklore,2074,4,https://www.ted.com/playlists/480/talks_on_folklore
224,Statistically speaking … ,7636,10,https://www.ted.com/playlists/479/statistically_speaking
225,Talks for when you’re expecting a child,9456,12,https://www.ted.com/playlists/478/talks_for_when_you_re_expectin
226,What makes Earth so special?,6971,8,https://www.ted.com/playlists/477/what_makes_earth_so_special
227,Powerful art activism,5231,9,https://www.ted.com/playlists/476/powerful_art_activism
228,Mind-bending questions from physics,5010,5,https://www.ted.com/playlists/475/mind_bending_questions_from_ph
229,Big solutions using cell phones,6407,10,https://www.ted.com/playlists/473/big_solutions_using_cell_phone
230,The best Hans Rosling talks you’ve ever seen,9113,10,https://www.ted.com/playlists/474/the_best_hans_rosling_talks_yo
231,What does family mean?,8939,9,https://www.ted.com/playlists/472/what_does_family_mean
232,Let’s end the silence around abuse,6046,7,https://www.ted.com/playlists/471/let_s_end_the_silence_around_a
233,How to pop our filter bubbles,6147,9,https://www.ted.com/playlists/470/how_to_pop_our_filter_bubbles
234,TED’s how-to guide to everyday life,11180,15,https://www.ted.com/playlists/469/ted_s_how_to_guide_to_everyday
235,How to overcome your fears,6834,9,https://www.ted.com/playlists/468/how_to_overcome_your_fears
236,Short talks to watch during your coffee break,2842,10,https://www.ted.com/playlists/467/short_talks_to_watch_during_yo
237,TED Starter Pack,15365,15,https://www.ted.com/playlists/466/ted_starter_pack
238,The logic of loving yourself,5586,7,https://www.ted.com/playlists/465/the_logic_of_loving_yourself
239,How to run a company like a visionary,5875,7,https://www.ted.com/playlists/464/how_to_run_a_company_like_a_vi
240,Eye-opening undercover journalism,3268,4,https://www.ted.com/playlists/463/eye_opening_undercover_journal
241,Talks for procrastinators,8548,11,https://www.ted.com/playlists/462/talks_for_procrastinators
242,Talks to remind you that your story isn’t over,7454,9,https://www.ted.com/playlists/461/talks_to_remind_you_that_your
243,Talks for aspiring rockstars,4214,6,https://www.ted.com/playlists/460/talks_for_aspiring_rockstars
244,The gender spectrum,6002,7,https://www.ted.com/playlists/459/the_gender_spectrum
245,Talks for when you’re in the mood for adventure,6164,9,https://www.ted.com/playlists/458/talks_for_when_you_re_in_the_m
246,How we can be better going forward in 2017,5202,7,https://www.ted.com/playlists/457/how_we_can_be_better_going_for
247,Best science and tech of 2016,9818,13,https://www.ted.com/playlists/456/best_science_and_tech_of_2016
248,The fabulous life of germs,6426,8,https://www.ted.com/playlists/455/the_fabulous_life_of_germs
249,Blueprints for the next generation,6335,8,https://www.ted.com/playlists/454/blueprints_for_the_next_genera
250,Curator's Picks: Top 10 TED Talks of 2016,7897,10,https://www.ted.com/playlists/453/curator_s_picks_top_10_ted_ta
251,The most popular talks of 2016,7935,10,https://www.ted.com/playlists/451/the_most_popular_talks_of_2016
252,What 2016 taught us about ourselves,10496,13,https://www.ted.com/playlists/450/what_2016_taught_us_about_ours
253,Let’s redesign the medical experience!,4142,4,https://www.ted.com/playlists/449/let_s_redesign_the_medical_exp
254,What are we really teaching AI?,10691,13,https://www.ted.com/playlists/448/what_are_we_really_teaching_ai
255,How to make compassion thrive ,6142,7,https://www.ted.com/playlists/447/how_to_make_compassion_thrive
256,Rethinking how we use the senses,3691,5,https://www.ted.com/playlists/446/rethinking_how_we_use_the_sens
257,Talks to help you understand social justice,7905,9,https://www.ted.com/playlists/445/talks_to_help_you_understand_s
258,When your beliefs are being challenged,5547,7,https://www.ted.com/playlists/444/when_your_beliefs_are_being_ch
259,The fight against Alzheimer’s and dementia,2366,5,https://www.ted.com/playlists/443/the_fight_against_alzheimer_s
260,Talks that explain difficult topics to kids,4755,8,https://www.ted.com/playlists/442/talks_that_explain_difficult_t
261,Talks that'll inspire you to learn a new language,5804,8,https://www.ted.com/playlists/441/talks_that_ll_inspire_you_to_l
262,How the brain takes care of itself,3446,4,https://www.ted.com/playlists/440/how_the_brain_takes_care_of_it
263,What is the Anthropocene?,7489,8,https://www.ted.com/playlists/439/what_is_the_anthropocene
264,Talks for veterans,5205,7,https://www.ted.com/playlists/438/talks_for_veterans
265,Talks that will keep you up at night,7928,10,https://www.ted.com/playlists/433/talks_that_will_keep_you_up_at
266,The future of surgery,5503,7,https://www.ted.com/playlists/437/the_future_of_surgery
267,Talks to watch when student debt is getting you down,3825,5,https://www.ted.com/playlists/436/talks_to_watch_when_student_de
268,Talks that'll inspire you to unplug ,7249,8,https://www.ted.com/playlists/435/talks_that_ll_inspire_you_to_u
269,What can robots teach us about being human?,2980,4,https://www.ted.com/playlists/434/what_can_robots_teach_us_about
270,What you need to know about medicine,6101,8,https://www.ted.com/playlists/432/what_you_need_to_know_about_me
271,The power of collaboration,6622,8,https://www.ted.com/playlists/431/the_power_of_collaboration
272,"Modern myths, debunked",6564,7,https://www.ted.com/playlists/430/modern_myths_debunked
273,Searching for knowledge across disciplines,2401,4,https://www.ted.com/playlists/429/searching_for_knowledge_across
274,The emotional impact of architecture,8837,10,https://www.ted.com/playlists/428/the_emotional_impact_of_archit
275,Unheard and forgotten stories,4386,5,https://www.ted.com/playlists/427/unheard_and_forgotten_stories
276,Is it time for de-extinction?,4285,5,https://www.ted.com/playlists/426/is_it_time_for_de_extinction
277,Things that build themselves,2163,4,https://www.ted.com/playlists/425/things_that_build_themselves
278,The deadly genius of organized crime,4391,5,https://www.ted.com/playlists/424/the_deadly_genius_of_organized
279,The rise of Africa’s next generation,5002,5,https://www.ted.com/playlists/423/the_rise_of_africa_s_next_gene
280,Talks to help you negotiate,5380,6,https://www.ted.com/playlists/422/talks_to_help_you_negotiate
281,Talks for when you want to start a new hobby,7557,8,https://www.ted.com/playlists/421/talks_for_when_you_want_to_sta_1
282,For the love of comics and cartoons,6557,8,https://www.ted.com/playlists/420/for_the_love_of_comics_and_car
283,"Dude, where's my driverless car?",3069,5,https://www.ted.com/playlists/419/dude_where_s_my_driverless_ca
284,The benefits of failure,5084,6,https://www.ted.com/playlists/418/the_benefits_of_failure
285,TED MacArthur Grant winners,14397,16,https://www.ted.com/playlists/417/ted_macarthur_grant_winners
286,The history of the future,5106,6,https://www.ted.com/playlists/416/the_history_of_the_future
287,"Walk, walk, fashion baby",5176,9,https://www.ted.com/playlists/415/walk_walk_fashion_baby
288,What's the big deal about Mars?,5844,6,https://www.ted.com/playlists/414/what_s_the_big_deal_about_mars
289,The beauty of strangers,5933,8,https://www.ted.com/playlists/413/the_beauty_of_strangers
290,Talks for neat freaks,5794,7,https://www.ted.com/playlists/412/talks_for_neat_freaks
291,Bridging cultural differences,6911,9,https://www.ted.com/playlists/411/bridging_cultural_differences
292,How scientists learn,7748,8,https://www.ted.com/playlists/410/how_scientists_learn
293,Let’s get nerdy,9334,11,https://www.ted.com/playlists/409/let_s_get_nerdy
294,"History, visualized",3882,6,https://www.ted.com/playlists/408/history_visualized
295,How to understand your inner potential,2952,4,https://www.ted.com/playlists/407/how_to_understand_your_inner_p
296,Talks to help you pick your major ,9738,12,https://www.ted.com/playlists/406/talks_to_help_you_pick_your_ma
297,The strangeness of everyday life,8993,9,https://www.ted.com/playlists/405/the_strangeness_of_everyday_li
298,How masculinity is evolving,5334,6,https://www.ted.com/playlists/404/how_masculinity_is_evolving
299,Technology designed by nature,8076,10,https://www.ted.com/playlists/403/technology_designed_by_nature
300,Pop culture obsessions,5524,8,https://www.ted.com/playlists/402/pop_culture_obsessions
301,Math in unexpected places,6989,9,https://www.ted.com/playlists/401/math_in_unexpected_places
302,Talks for podcast lovers,9230,9,https://www.ted.com/playlists/399/talks_for_podcast_lovers
303,Reconnect with nature!,8464,10,https://www.ted.com/playlists/398/reconnect_with_nature
304,The power of social media,6395,8,https://www.ted.com/playlists/397/the_power_of_social_media
305,Music around the world,10020,13,https://www.ted.com/playlists/396/music_around_the_world
306,Rebel designers,4467,4,https://www.ted.com/playlists/395/rebel_designers
307,What is home?,4819,6,https://www.ted.com/playlists/394/what_is_home
308,Talks for theater geeks,9380,9,https://www.ted.com/playlists/393/talks_for_theater_geeks
309,Tech that can hack your brain,5424,6,https://www.ted.com/playlists/392/tech_that_can_hack_your_brain
310,The lights and sounds of the universe,3985,6,https://www.ted.com/playlists/391/the_lights_and_sounds_of_the_u
311,How to turn the political conversation around ,6072,9,https://www.ted.com/playlists/390/how_to_turn_the_political_conv
312,Sharks!,4057,5,https://www.ted.com/playlists/389/sharks
313,Amazing reveals,8173,10,https://www.ted.com/playlists/388/10_years_of_ted_talks_amazing
314,Radical rethinking,9347,10,https://www.ted.com/playlists/387/10_years_of_ted_talks_radical
315,Powerful stories,8336,10,https://www.ted.com/playlists/386/10_years_of_ted_talks_powerfu
316,Revolutionizing reality,6862,10,https://www.ted.com/playlists/385/10_years_of_ted_talks
317,How your brain constructs reality,7089,8,https://www.ted.com/playlists/384/how_your_brain_constructs_real
318,Why you should take time to play,7431,9,https://www.ted.com/playlists/383/the_importance_of_play
319,What your data reveals about you,6899,10,https://www.ted.com/playlists/374/what_your_data_reveals_about_y
320,How visual effects bring movies to life,4332,6,https://www.ted.com/playlists/373/how_visual_effects_bring_movie
321,Designing for disability,8964,11,https://www.ted.com/playlists/372/designing_for_disability
322,Top TED Talks of 2016,13632,17,https://www.ted.com/playlists/370/top_ted_talks_of_2016
323,The mysteries of the deep sea,3459,5,https://www.ted.com/playlists/371/the_mysteries_of_the_deep_sea
324,Code: The next universal language,5750,7,https://www.ted.com/playlists/369/code_the_next_universal_langu
325,Reimagining borders,7646,9,https://www.ted.com/playlists/368/reimagining_borders
326,How to connect with others,5599,7,https://www.ted.com/playlists/367/when_you_re_having_a_hard_time
327,The economy of trust,6445,7,https://www.ted.com/playlists/366/the_economy_of_trust
328,Internet origin stories,7423,8,https://www.ted.com/playlists/365/internet_origin_stories
329,Plug into your power!,6060,8,https://www.ted.com/playlists/364/plug_into_your_power
330,How music affects us,10746,9,https://www.ted.com/playlists/363/how_music_affects_us
331,For those who want to break out of their shell,5490,8,https://www.ted.com/playlists/362/for_those_who_want_to_break_ou
332,How does DNA work?,7068,7,https://www.ted.com/playlists/357/how_does_dna_work
333,Extreme sports,6297,8,https://www.ted.com/playlists/359/extreme_sports
334,Bizarre science,3917,5,https://www.ted.com/playlists/358/bizarre_science
335,The secret lives of plants,8804,9,https://www.ted.com/playlists/356/the_secret_lives_of_plants
336,Talks to watch during breakfast,3941,7,https://www.ted.com/playlists/355/talks_to_watch_during_breakfas
337,Who are you?,6572,8,https://www.ted.com/playlists/354/who_are_you
338,Talks to help practice patience,6228,8,https://www.ted.com/playlists/353/talks_to_help_practice_patienc
339,Talks to watch before a job interview,5161,6,https://www.ted.com/playlists/352/talks_to_watch_before_a_job_in
340,The issues at stake in the US election of 2016,12620,13,https://www.ted.com/playlists/351/the_issues_at_stake_in_the_us
341,Talks for when you want to start a business,7393,10,https://www.ted.com/playlists/350/talks_for_when_you_want_to_sta
342,Talks for when you're just done with Earth,6070,8,https://www.ted.com/playlists/349/talks_for_when_you_re_just_don
343,Secret realities,9113,10,https://www.ted.com/playlists/348/secret_realities
344,Talks to inspire projects with kids,4247,8,https://www.ted.com/playlists/347/talks_to_inspire_projects_with_1
345,The power of fiction,8613,10,https://www.ted.com/playlists/346/the_power_of_fiction_1
346,The transformative power of street art,3424,6,https://www.ted.com/playlists/343/street_art
347,Talks on water,4030,7,https://www.ted.com/playlists/342/talks_on_water
348,Why we need bees,3542,5,https://www.ted.com/playlists/341/why_we_need_bees
349,Talks that inspired TED Books,5025,6,https://www.ted.com/playlists/340/talks_that_inspired_ted_books
350,Talks on ancient languages,5168,7,https://www.ted.com/playlists/339/talks_on_ancient_languages
351,Talks on modern feminism,8706,10,https://www.ted.com/playlists/338/talks_on_feminism
352,Talks for the thoughtful traveler,9276,11,https://www.ted.com/playlists/337/talks_for_the_thoughtful_trave
353,How we study space,11108,17,https://www.ted.com/playlists/336/how_we_study_space
354,Talks for jazz lovers,5340,8,https://www.ted.com/playlists/335/talks_for_jazz_lovers
355,Apocalypse survival guide,9508,10,https://www.ted.com/playlists/334/apocalypse_survival_guide
356,Talks for the hopeless romantic,6685,8,https://www.ted.com/playlists/333/talks_for_the_hopeless_romanti
357,Lasers!,3778,5,https://www.ted.com/playlists/332/lasers
358,Talks for when you feel like you’re not enough,8809,11,https://www.ted.com/playlists/331/talks_for_when_you_feel_like_y
359,Survivor’s wisdom,10849,13,https://www.ted.com/playlists/330/survivor_s_wisdom
360,"New tech, new ethics",9244,9,https://www.ted.com/playlists/329/new_tech_new_morals
361,Talks on human resources,8431,10,https://www.ted.com/playlists/328/talks_on_human_resources
362,Art made of unusual stuff,3971,8,https://www.ted.com/playlists/327/art_made_of_unusual_stuff
363,How to revive a city,6971,8,https://www.ted.com/playlists/326/how_to_revive_a_city
364,Talks for cat lovers,3727,4,https://www.ted.com/playlists/325/talks_for_cat_lovers
365,The Official TED Talk Guide Playlist,53211,53,https://www.ted.com/playlists/324/the_official_ted_talk_guide_pl
366,The influence of algorithms,6714,7,https://www.ted.com/playlists/323/the_influence_of_algorithms
367,The power of the individual voice,10187,10,https://www.ted.com/playlists/322/the_power_of_the_individual_vo
368,Talks to form better habits,5861,8,https://www.ted.com/playlists/321/talks_to_form_better_habits
369,The most popular talks of 2015,12578,15,https://www.ted.com/playlists/320/the_most_popular_talks_of_2015_1
370,Fascinating history,10430,12,https://www.ted.com/playlists/318/fascinating_history
371,Talks to help you focus on what really matters,6727,8,https://www.ted.com/playlists/317/talks_to_help_you_focus_on_wha
372,Talks for your inner child,7132,9,https://www.ted.com/playlists/316/talks_for_your_inner_child
373,Talks to help you manage stress,3888,5,https://www.ted.com/playlists/315/talks_to_help_you_manage_stres
374,Talks to watch with the entire family,6828,10,https://www.ted.com/playlists/314/talks_to_watch_with_the_entire
375,Talks to help you find your purpose,4433,7,https://www.ted.com/playlists/313/talks_to_help_you_find_your_pu
376,Weird facts about the human body,11633,13,https://www.ted.com/playlists/312/weird_facts_about_the_human_bo
377,Time warp,5447,7,https://www.ted.com/playlists/311/time_warp
378,Artificial intelligence,8431,9,https://www.ted.com/playlists/310/talks_on_artificial_intelligen
379,How to make love last,4534,5,https://www.ted.com/playlists/309/talks_on_how_to_make_love_last
380,Talks on how to love work again,5773,7,https://www.ted.com/playlists/308/talks_on_how_to_love_work_agai
381,On coming out,5982,8,https://www.ted.com/playlists/307/on_coming_out
382,How to spend your money,5808,7,https://www.ted.com/playlists/306/how_to_spend_your_money
383,All about the heart,3779,5,https://www.ted.com/playlists/305/all_about_the_heart
384,Speakers you secretly wish were your parents,9123,10,https://www.ted.com/playlists/304/speakers_you_secretly_wish_wer
385,How to learn from mistakes,6301,7,https://www.ted.com/playlists/303/how_to_learn_from_mistakes
386,For classical music lovers,9921,10,https://www.ted.com/playlists/302/for_classical_music_lovers
387,Why we do the things we do,11888,10,https://www.ted.com/playlists/301/why_we_do_the_things_we_do
388,The love of lifelong learning,5041,5,https://www.ted.com/playlists/300/the_love_of_lifelong_learning
389,The importance of self-care,7713,9,https://www.ted.com/playlists/299/the_importance_of_self_care
390,What makes businesses work?,7174,9,https://www.ted.com/playlists/298/what_makes_businesses_work
391,Tough talks that will open your eyes,7219,8,https://www.ted.com/playlists/297/tough_talks_that_will_open_you
392,Let's end the silence around suicide,3528,4,https://www.ted.com/playlists/296/let_s_end_the_silence_around_s
393,Super nerdy talks about sports,2172,3,https://www.ted.com/playlists/295/super_nerdy_talks_about_sports
394,Sex ed for adults,5691,7,https://www.ted.com/playlists/293/sex_ed_for_adults
395,Check your assumptions,10360,14,https://www.ted.com/playlists/292/check_your_assumptions
396,Talks for when you wish you could go back to college,10186,12,https://www.ted.com/playlists/291/12_ted_talks_for_when_you_wish
397,Talks to help you understand what's really going on in the world,11491,14,https://www.ted.com/playlists/290/talks_for_when_you_realize_you
398,The genius of babies,5142,5,https://www.ted.com/playlists/289/the_genius_of_babies
399,Stunning performances that'll make you want to dance,5523,7,https://www.ted.com/playlists/288/7_stunning_performances_that_w
400,Overcoming depression,4678,5,https://www.ted.com/playlists/287/4_ted_talks_on_overcoming_depr
401,Speakers with dream jobs,7805,11,https://www.ted.com/playlists/286/11_ted_talks_by_speakers_with
402,Talks to watch when the Internet is making you mad,5112,7,https://www.ted.com/playlists/283/talks_to_watch_when_the_intern
403,Talks for when you feel like no one appreciates you,4259,7,https://www.ted.com/playlists/282/talks_for_when_you_feel_like_n
404,Talks for when you want to look at pretty things,7019,11,https://www.ted.com/playlists/281/talks_for_when_you_want_to_loo
405,Talks by living legends,12444,13,https://www.ted.com/playlists/280/12_ted_talks_by_living_legends
406,Talks full of weird facts about sex,4401,6,https://www.ted.com/playlists/279/5_talks_full_of_weird_facts_ab
407,Talks to watch when you have a big decision to make,3855,5,https://www.ted.com/playlists/278/talks_to_watch_when_you_have_a
408,Young inventors who are changing how we stay healthy,3401,5,https://www.ted.com/playlists/277/young_inventors_who_are_changi
409,Talks to watch when you want to let go of regret,5712,5,https://www.ted.com/playlists/276/ted_talks_to_watch_when_you_wa
410,Talks for dog lovers,4707,6,https://www.ted.com/playlists/275/ted_talks_for_dog_lovers
411,Talks on how games can improve your life,6919,9,https://www.ted.com/playlists/274/talks_on_how_games_can_improve
412,Talks for when you wish you had time to read,6251,7,https://www.ted.com/playlists/273/talks_for_when_you_wish_you_ha
413,Understanding world economics,8243,9,https://www.ted.com/playlists/272/understanding_world_economics
414,Talks to watch when it's too hot to function,5195,7,https://www.ted.com/playlists/271/talks_to_watch_when_it_s_too_h
415,Small ways to change the world,6678,10,https://www.ted.com/playlists/270/small_ways_to_change_the_world
416,True crime,5606,7,https://www.ted.com/playlists/269/true_crime
417,Claim your independence,6060,8,https://www.ted.com/playlists/268/talks_to_help_you_claim_your_i
418,Talks to remind you that life goes on,4734,7,https://www.ted.com/playlists/267/talks_to_remind_you_that_life
419,Talks for band geeks,9603,11,https://www.ted.com/playlists/265/talks_for_former_band_geeks
420,Love is love,7142,7,https://www.ted.com/playlists/264/lgbtq_pride
421,Talks to watch when you need five minutes of peace,2247,9,https://www.ted.com/playlists/263/talks_to_watch_when_you_need_f
422,Talks for understanding the drug trade,5381,5,https://www.ted.com/playlists/262/talks_for_understanding_the_dr
423,Talks that celebrate sweet dads,9449,10,https://www.ted.com/playlists/261/talks_that_celebrate_sweet_dad
424,Talks to watch when your family is driving you nuts,8460,8,https://www.ted.com/playlists/260/talks_to_watch_when_your_famil
425,Talks to give you a confidence boost,6531,9,https://www.ted.com/playlists/259/talks_to_give_you_a_confidence
426,Talks for binge-watching,8419,10,https://www.ted.com/playlists/258/talks_for_binge_watching
427,Talks that prove you already live in the future,7596,10,https://www.ted.com/playlists/257/talks_that_prove_you_already_l
428,New ways to think about beauty,5935,9,https://www.ted.com/playlists/256/new_ways_to_think_about_beauty
429,Talks to inspire smart conversation,11585,12,https://www.ted.com/playlists/255/talks_to_inspire_smart_convers
430,Talks to watch when someone just stomped on your heart,5562,6,https://www.ted.com/playlists/254/talks_to_watch_when_someone_ju
431,Talks by brilliant women in STEM,9013,11,https://www.ted.com/playlists/253/11_ted_talks_by_brilliant_wome
432,Talks on remembering those we've lost,3353,7,https://www.ted.com/playlists/252/talks_on_remembering_those_we
433,Talks for people who hated math in high school,4163,6,https://www.ted.com/playlists/251/talks_for_people_who_hated_mat
434,Talks to help you understand racism in America,7067,9,https://www.ted.com/playlists/250/talks_to_help_you_understand_r
435,Talks for when you need a reminder that you're not alone,4876,7,https://www.ted.com/playlists/249/talks_for_when_you_need_a_remi
436,Innovations that made expensive things cheap,5016,9,https://www.ted.com/playlists/248/innovations_that_made_expensiv
437,Talks by fierce moms,9534,11,https://www.ted.com/playlists/247/talks_by_fierce_moms
438,Life is beautiful,10380,10,https://www.ted.com/playlists/246/life_is_beautiful
439,Talks for when you feel totally burned out,7214,10,https://www.ted.com/playlists/245/talks_for_when_you_feel_totall
440,The beauty of friendship,6846,8,https://www.ted.com/playlists/244/on_friendship
441,As seen on 60 Minutes,7114,6,https://www.ted.com/playlists/243/as_seen_on_60_minutes
442,Top 10 Talks by TED Fellows,4779,10,https://www.ted.com/playlists/242/top_10_talks_by_ted_fellows
443,New ways to think about death,6442,10,https://www.ted.com/playlists/241/new_ways_to_think_about_death
444,Talks to save you time at work — so you can focus on what you love,3301,6,https://www.ted.com/playlists/240/talks_to_save_you_time_at_work
445,The most jaw-dropping TED Talks,9437,12,https://www.ted.com/playlists/239/the_most_jaw_dropping_ted_talk
446,Talks for television lovers,5655,6,https://www.ted.com/playlists/238/6_talks_for_television_lovers
447,Talks to watch when you're stuck in a rut,10762,13,https://www.ted.com/playlists/237/11_talks_to_watch_when_you_re
448,Truth and dare,5630,9,https://www.ted.com/playlists/236/truth_and_dare
449,The funniest TED Talks,11016,13,https://www.ted.com/playlists/235/the_funniest_ted_talks
450,Talks to help you shake off rejection,7996,10,https://www.ted.com/playlists/234/talks_to_help_you_shake_off_re
451,Words to live by,9658,11,https://www.ted.com/playlists/233/words_to_live_by
452,Talks to help you forget that you're doing chores,4962,5,https://www.ted.com/playlists/232/talks_to_help_you_forget_that
453,The weird science of love,5325,5,https://www.ted.com/playlists/231/the_weird_science_of_love
454,Talks to celebrate Black History Month,17017,20,https://www.ted.com/playlists/230/10_great_talks_to_celebrate_bl
455,The most commented-on TED Talks,11948,10,https://www.ted.com/playlists/229/the_10_ted_talks_you_ve_commen
456,How language changes over time,5806,7,https://www.ted.com/playlists/228/how_language_changes_over_time
457,Talks to make you feel good about getting older,4428,7,https://www.ted.com/playlists/227/talks_to_make_you_feel_good_ab
458,Before public speaking…,5571,9,https://www.ted.com/playlists/226/before_public_speaking
459,Talks to watch when you don't know what to do with your life,7394,10,https://www.ted.com/playlists/225/talks_to_get_you_through_your
460,Grow your own stuff,3071,7,https://www.ted.com/playlists/224/grow_your_own_stuff
461,Talks to inspire you to go to bed and get a good night's sleep,3372,5,https://www.ted.com/playlists/223/talks_to_inspire_you_to_go_to
462,The truth about lying,5488,6,https://www.ted.com/playlists/222/5_talks_on_the_truth_about_lyi
463,Short talks for parents who are short on time but starved for intellectual stimulation,2674,10,https://www.ted.com/playlists/221/short_talks_for_parents_who_ar
464,Talks to help you find the right job,8066,10,https://www.ted.com/playlists/220/7_talks_to_help_you_find_the_r
465,10 talks you won't be able to stop thinking about,8974,10,https://www.ted.com/playlists/219/10_talks_you_won_t_be_able_to
466,Get in shape (for real this time) ,4191,6,https://www.ted.com/playlists/218/get_in_shape_for_real_this_ti
467,Talks to inspire New Year's Resolutions,10662,12,https://www.ted.com/playlists/217/talks_to_inspire_new_year_s_re
468,Talks to restore your faith in humanity,11214,12,https://www.ted.com/playlists/216/talks_to_restore_your_faith_in_1
469,The most popular talks of 2014,15111,20,https://www.ted.com/playlists/215/the_most_popular_talks_of_2014
470,On generosity,6349,8,https://www.ted.com/playlists/214/on_generosity
471,How (and why) to forgive,6179,7,https://www.ted.com/playlists/213/how_and_why_to_forgive
472,Unsolved Mysteries,7501,8,https://www.ted.com/playlists/212/unsolved_mysteries
473,The art of meaningful conversation ,6163,8,https://www.ted.com/playlists/211/the_art_of_meaningful_conversa
474,Talks to watch when every conceivable bad thing has just happened to you,6846,10,https://www.ted.com/playlists/210/talks_to_watch_when_every_conc
475,Counterintuitive career advice,10059,13,https://www.ted.com/playlists/209/counterintuitive_career_advice
476,11 ideas for ending HIV/AIDS,8017,11,https://www.ted.com/playlists/208/10_ideas_for_ending_hiv_aids
477,Talks to watch instead of shopping,9857,12,https://www.ted.com/playlists/207/talks_to_watch_instead_of_shop
478,Give thanks,5026,7,https://www.ted.com/playlists/206/give_thanks
479,11 trippy TED Talks,6256,11,https://www.ted.com/playlists/205/9_trippy_ted_talks
480,Slow down! Enjoy life.,5623,7,https://www.ted.com/playlists/204/slow_down_enjoy_life
481,The best mustaches on TED.com,8376,11,https://www.ted.com/playlists/203/the_best_mustaches_on_ted_com
482,Talks that just might save your relationship,7760,8,https://www.ted.com/playlists/202/talks_that_just_might_save_you
483,Art made of data,3986,5,https://www.ted.com/playlists/201/art_from_data
484,Talks to make your commute go faster,6546,7,https://www.ted.com/playlists/200/talks_to_make_your_commute_go
485,Take charge of your health care,8299,10,https://www.ted.com/playlists/199/take_charge_of_your_healthcare
486,"Spooky, creepy talks for Halloween",7787,10,https://www.ted.com/playlists/198/spooky_creepy_talks_for_hallo
487,Talks to restore your faith in politics,7718,9,https://www.ted.com/playlists/197/talks_to_restore_your_faith_in
488,The complexity of memory,6777,7,https://www.ted.com/playlists/196/the_complexity_of_memory
489,7 talks with insights on breast cancer,7013,7,https://www.ted.com/playlists/195/7_talks_with_insights_on_breas
490,12 talks from authors,11098,12,https://www.ted.com/playlists/194/10_talks_from_authors
491,The importance of educating girls,4390,5,https://www.ted.com/playlists/193/the_importance_of_educating_gi
492,10 talks by women that everyone should watch,9534,10,https://www.ted.com/playlists/192/10_talks_by_women_that_everyon
493,Stand up to bullying,5117,7,https://www.ted.com/playlists/191/stand_up_to_bullying
494,The perfect lunchtime talks,3832,6,https://www.ted.com/playlists/190/the_perfect_lunchtime_talks
495,Math talks to blow your mind,8518,10,https://www.ted.com/playlists/189/math_talks_to_blow_your_mind
496,Insights on terrorism,8511,10,https://www.ted.com/playlists/188/insights_on_terrorism
497,Talks from inspiring teachers,6574,10,https://www.ted.com/playlists/182/talks_from_inspiring_teachers
498,The most popular science talks,16114,15,https://www.ted.com/playlists/181/the_most_popular_science_talks
499,The 10 most popular TEDx talks,8263,10,https://www.ted.com/playlists/180/the_10_most_popular_tedx_talks
500,Talks to take you back to school,5710,7,https://www.ted.com/playlists/179/talks_to_take_you_back_to_scho
501,Smart kids’ life advice,4250,7,https://www.ted.com/playlists/177/smart_kids_life_advice_1
502,The struggle of mental health,9442,12,https://www.ted.com/playlists/175/the_struggle_of_mental_health
503,Surprisingly viral TED Talks,7027,10,https://www.ted.com/playlists/174/surprisingly_viral_ted_talks
504,Fascinating psych experiments,8872,9,https://www.ted.com/playlists/173/fascinating_psych_experiments
505,Talks to give you wanderlust,7181,9,https://www.ted.com/playlists/172/talks_to_give_you_wanderlust
506,The most popular talks of all time,23928,25,https://www.ted.com/playlists/171/the_most_popular_talks_of_all
507,Kickstart your creativity,4980,6,https://www.ted.com/playlists/170/kickstart_your_creativity
508,The first TED Talks ever,5733,5,https://www.ted.com/playlists/168/the_first_6_ted_talks_ever
509,Charming talks for a boost on a bad day,3040,5,https://www.ted.com/playlists/167/charming_talks_for_a_boost_on
510,Why we need brave journalists,6485,9,https://www.ted.com/playlists/166/why_we_need_brave_journalists
511,Life in—and after—prison,5589,9,https://www.ted.com/playlists/165/life_in_and_after_prison
512,How we make choices,9109,8,https://www.ted.com/playlists/164/how_we_make_choices
513,7 talks to make you love science,5990,7,https://www.ted.com/playlists/163/7_talks_to_make_you_love_scien
514,Toys!,7754,12,https://www.ted.com/playlists/162/toys
515,TED in 3 minutes,2624,13,https://www.ted.com/playlists/81/ted_in_3_minutes
516,A trip to the museum,5630,7,https://www.ted.com/playlists/161/a_trip_to_the_museum
517,Graduation…now what?,3781,5,https://www.ted.com/playlists/158/graduation_now_what
518,The Remix,6755,9,https://www.ted.com/playlists/156/the_remix
519,How do you solve a problem like the climate crisis?,17649,18,https://www.ted.com/playlists/154/how_do_you_solve_a_problem_lik
520,Calling all sports fans,11728,13,https://www.ted.com/playlists/155/calling_all_sports_fans
521,The autism spectrum,9401,11,https://www.ted.com/playlists/153/the_autism_spectrum
522,What is success?,7520,11,https://www.ted.com/playlists/152/what_is_success
523,"Earth, appreciated",11477,12,https://www.ted.com/playlists/151/earth_appreciated
524,South America!,8294,10,https://www.ted.com/playlists/149/south_america
525,Depths of corruption,9790,11,https://www.ted.com/playlists/148/depths_of_corruption
526,Craftsmanship,7521,11,https://www.ted.com/playlists/146/craftsmanship
527,30 years of TED,21001,16,https://www.ted.com/playlists/147/30_years_of_ted
528,Should we redesign humans?,9846,12,https://www.ted.com/playlists/144/should_we_redesign_humans
529,In the mood for love,9226,11,https://www.ted.com/playlists/143/in_the_mood_for_love
530,MOOCs 101,6504,7,https://www.ted.com/playlists/141/moocs_101
531,How to be a great leader,10498,12,https://www.ted.com/playlists/140/how_leaders_inspire
532,"Social Good, Inc.",9529,11,https://www.ted.com/playlists/139/social_good_inc
533,Adventures in mapping,8927,12,https://www.ted.com/playlists/138/adventures_in_mapping
534,Will drones save us or destroy us?,14165,15,https://www.ted.com/playlists/135/will_drones_save_us_or_destroy
535,The dark side of data,11971,14,https://www.ted.com/playlists/130/the_dark_side_of_data
536,Talks by brilliant kids and teens,8994,14,https://www.ted.com/playlists/129/ted_under_20
537,The world of tiny things,10246,12,https://www.ted.com/playlists/128/the_world_of_tiny_things
538,Plantastic!,8374,12,https://www.ted.com/playlists/118/plantastic
539,The big picture,15530,15,https://www.ted.com/playlists/126/the_big_picture
540,TV Special: TED Talks Education,4694,8,https://www.ted.com/playlists/125/tv_special_ted_talks_educatio
541,Talks for people who love words,8897,12,https://www.ted.com/playlists/117/words_words_words
542,GROSS!,7091,9,https://www.ted.com/playlists/93/gross
543,Talks to help you be a better listener,8580,9,https://www.ted.com/playlists/92/listen_up
544,Everything you thought ... was wrong,11537,12,https://www.ted.com/playlists/91/everything_you_thought_was
545,Talks to watch with kids,7992,11,https://www.ted.com/playlists/86/talks_to_watch_with_kids
546,Re-imagining school,10182,10,https://www.ted.com/playlists/24/re_imagining_school
547,What does the future look like?,12352,13,https://www.ted.com/playlists/85/what_does_the_future_look_like
548,That's absurd!,6404,8,https://www.ted.com/playlists/88/that_s_absurd
549,Spoken-word fireworks,7426,9,https://www.ted.com/playlists/87/spoken_word_fireworks
550,Ancient clues,6589,6,https://www.ted.com/playlists/84/ancient_clues
551,Are we alone in the universe?,7697,9,https://www.ted.com/playlists/82/are_we_alone_in_the_universe
552,"Maestros, if you please ... !",12362,10,https://www.ted.com/playlists/79/maestros_if_you_please
553,Design of useful things,9458,13,https://www.ted.com/playlists/80/design_of_useful_things
554,What's wrong with what we eat?,7417,9,https://www.ted.com/playlists/75/what_s_wrong_with_what_we_eat
555,Our brains: predictably irrational,11979,12,https://www.ted.com/playlists/74/our_brains_predictably_irrati
556,11 must-see TED Talks,11966,11,https://www.ted.com/playlists/77/11_must_see_ted_talks
557,Photojournalism up close,10121,10,https://www.ted.com/playlists/72/close_up_and_personal
558,"Climate change: Oh, it's real.",9529,10,https://www.ted.com/playlists/78/climate_change_oh_it_s_real
559,What doctors worry about,13890,14,https://www.ted.com/playlists/70/what_doctors_worry_about
560,Dinos!,8920,9,https://www.ted.com/playlists/68/dinos
561,War stories,13399,14,https://www.ted.com/playlists/69/war_stories
562,The eternal search to prolong life,8818,9,https://www.ted.com/playlists/64/might_you_live_a_great_deal_lo
563,The quest to end poverty,11763,12,https://www.ted.com/playlists/67/the_quest_to_end_poverty
564,Personal tales from the edge of life,13988,14,https://www.ted.com/playlists/65/personal_tales_from_the_edge_o
565,The power of film,13126,13,https://www.ted.com/playlists/66/the_power_of_film
566,How to tell a story,6660,6,https://www.ted.com/playlists/62/how_to_tell_a_story
567,How we're fighting cancer,7969,8,https://www.ted.com/playlists/63/a_cure_for_cancer
568,Talks for foodies,7886,9,https://www.ted.com/playlists/55/talks_for_foodies
569,The end of oil?,12182,13,https://www.ted.com/playlists/58/the_end_of_oil
570,My favorite animal,7552,8,https://www.ted.com/playlists/59/animals_that_amaze
571,Work smarter,7575,11,https://www.ted.com/playlists/60/work_smarter
572,Objects of desire,9946,12,https://www.ted.com/playlists/61/objects_of_desire
573,To boldly go ...,9520,11,https://www.ted.com/playlists/27/to_boldly_go
574,Sustainability by design,7796,12,https://www.ted.com/playlists/28/sustainability_by_design
575,Our future in cities,15601,17,https://www.ted.com/playlists/29/our_future_in_cities
576,Natural wonder,7556,9,https://www.ted.com/playlists/30/natural_wonder
577,"Are you there, God?",11952,11,https://www.ted.com/playlists/14/are_you_there_god
578,The pursuit of justice,9407,10,https://www.ted.com/playlists/15/the_pursuit_of_justice
579,"Way, way out there",15698,17,https://www.ted.com/playlists/16/way_way_out_there
580,"Live music, onstage at TED",7593,10,https://www.ted.com/playlists/18/virtuosos
581,Did you know?,6031,14,https://www.ted.com/playlists/19/did_you_know
582,Where do ideas come from?,8329,9,https://www.ted.com/playlists/20/where_do_ideas_come_from
583,Media with meaning,8492,12,https://www.ted.com/playlists/21/media_with_meaning
584,The road to peace,8643,10,https://www.ted.com/playlists/22/the_road_to_peace
585,The future of medicine,9637,12,https://www.ted.com/playlists/23/the_future_of_medicine
586,Architectural inspiration,9955,9,https://www.ted.com/playlists/25/architectural_inspiration
587,The artist is in.,10328,14,https://www.ted.com/playlists/3/the_artist_is_in
588,What makes you happy?,12806,14,https://www.ted.com/playlists/4/what_makes_you_happy
589,Insects are awesome!,9183,11,https://www.ted.com/playlists/5/insects_are_awesome
590,Sex: Can we talk?,7884,9,https://www.ted.com/playlists/6/sex_can_we_talk
591,Ocean wonders,11289,13,https://www.ted.com/playlists/7/ocean_wonders
592,All kinds of minds,7920,9,https://www.ted.com/playlists/9/all_kinds_of_minds
593,The creative spark,7601,7,https://www.ted.com/playlists/11/the_creative_spark
594,Freedom rising,9661,11,https://www.ted.com/playlists/12/freedom_rising
595,"Open-source, open world",9441,10,https://www.ted.com/playlists/13/open_source_open_world
596,How does my brain work?,12513,15,https://www.ted.com/playlists/1/how_does_my_brain_work
597,Tech breakthrough,9131,14,https://www.ted.com/playlists/2/tech_breakthrough
